10191,EbM
10202,GM
10203,CM
10260,DM
10264,GM
10434,FM
10435,GM
10447,GM
10475,DbM
10477,DbM
10491,GM
10495,CM
10534,AM
10595,GM
11231,AM
11238,GM
11457,DM
11460,AM
11490,FM
11491,FM
11492,FM
11553,AM
11556,GM
11557,CM
11558,CM
11559,GM
11560,AM
11561,DbM
11562,GM
11563,DM
11564,AM
11565,DbM
11566,AM
11568,GM
11569,GM
11570,AM
11571,GM
11573,GM
11574,AbM
11575,AM
11732,FM
12116,AM
12117,DM
12118,GM
12119,AM
12120,GM
12122,GM
12152,FM
12170,FM
12179,HM
12181,AM
12184,GM
12271,GM
12273,GM
12286,AM
12290,GM
12294,AM
12378,GM
12385,AM
12396,FM
12505,AM
12506,AbM
12507,CM
12508,GM
12509,AM
12510,GM
12511,GM
12512,CM
12513,GM
12514,AM
12516,GM
12517,EbM
12518,GM
12519,AM
12520,GM
12740,FM
12741,FM
12742,FM
12763,AbM
12896,FM
12897,FM
12898,FM
12899,AM
12900,FM
12901,DM
12902,AM
12903,GM
13103,DbM
13461,DM
13462,GM
13533,AM
13553,AM
13556,FM
13582,GM
13583,AM
14029,FM
14030,GM
14496,FM
14497,FM
14498,FM
14810,GM
15249,GM
15413,GM
15996,AM
16314,FM
16315,FM
16527,GM
16531,GM
16541,DM
16585,GM
16586,DM
16642,AM
16656,FM
16657,GM
16660,CM
16670,GM
16674,GM
16735,AM
16828,FM
16909,AM
17082,GM
17085,GM
17099,AM
17100,GM
17832,GM
18435,GM
18453,GM
18457,AM
18459,BbM
18468,FM
18474,GM
18475,GM
18476,GM
18478,GM
18480,EbM
18481,GM
18484,EbM
18494,GM
18499,AM
18508,AM
18510,GM
19416,AbM
19454,AbM
19486,GM
19505,CM
19507,GM
19555,GM
2080,GM
234,GM
235,GM
242,GM
32417,FM
33051,CM
33052,AbM
33128,FM
34,DM
35793,GM
35852,DM
35865,DM
37638,AM
40080,AM
40143,AM
40144,AM
40145,GM
40148,AM
42485,AM
42487,CM
42500,GM
426,GM
427,GM
428,GM
429,GM
43076,AM
4631,AM
473,GM
4787,DM
487,AM
5072,FM
5081,AM
513,GM
5165,AM
5169,GM
5171,FM
5172,GM
5173,GM
519,GM
520,GM
521,GM
5251,AM
5273,GM
5426,DM
5427,AM
5468,AM
5522,GM
5609,FM
5610,AM
5666,FM
569,DM
570,FM
571,FM
5727,AM
5744,AM
5753,GM
5769,GM
5775,AM
5777,DM
5792,AM
5822,GM
5900,AM
6023,GM
6024,EbM
6025,AM
6425,AM
6446,GM
6448,GM
6492,GM
6633,EM
6723,GM
6724,GM
6733,GM
6858,DM
6879,GM
6880,AM
6886,GM
6906,EbM
6929,AM
7017,AM
7029,AM
7033,AM
7034,AM
7043,AbM
7046,AM
7098,GM
7102,DM
7103,DM
7104,DM
7108,FM
7118,GM
7119,GM
7127,EM
7131,GM
7156,AM
7273,GM
7284,GM
7323,FM
733,FM
734,GM
735,FM
736,GM
7380,AM
7381,AbM
7387,GM
7489,EbM
7556,AM
7566,AM
7743,AM
7745,AM
7848,FM
7861,AM
7862,GM
7939,FM
802,AM
8028,FM
8029,FM
809,AM
8201,AM
8308,FM
8371,GM
8380,HM
8429,GM
8450,GM
8451,GM
8452,GM
8502,FM
8555,AM
8636,AM
8647,AM
8648,DM
8649,AM
8668,DM
8669,AM
8673,AM
8674,GM
8675,AM
8682,DM
8706,GM
8710,DM
8720,AM
8721,GM
8724,AM
8733,FM
8745,DM
8773,GM
8827,FM
914,GM
932,AM
933,FM
9535,GM
9586,EbM
9589,GM
9591,GM
9602,AM
9604,GM
9623,DbM
9625,HM
9629,FM
9648,GM
9861,FM